{"cameraMode":{"drawMode":0,"name":"Shaded","section":"Shading Mode"},"sceneLighting":true,"audioPlay":false,"sceneViewState":{"showFog":true,"showMaterialUpdate":false,"showSkybox":true,"showFlares":true,"showImageEffects":true,"showParticleSystems":true},"in2DMode":false,"pivot":{"x":-1.119152545928955,"y":1.1229400634765626,"z":-1.6363286972045899},"rotation":{"x":-0.009527231566607952,"y":0.9698591232299805,"z":-0.2404284030199051,"w":-0.03842790797352791},"size":9.35772705078125,"orthographic":false}