{"cameraMode":{"drawMode":0,"name":"Shaded","section":"Shading Mode"},"sceneLighting":false,"audioPlay":false,"sceneViewState":{"showFog":true,"showMaterialUpdate":false,"showSkybox":true,"showFlares":true,"showImageEffects":true,"showParticleSystems":true},"in2DMode":false,"pivot":{"x":-7.748603820800781e-7,"y":-1.8495951890945435,"z":3.050632953643799},"rotation":{"x":-0.025259479880332948,"y":0.20518642663955689,"z":-0.005297670140862465,"w":-0.9783825874328613},"size":4.496667385101318,"orthographic":false}