{"cameraMode":{"drawMode":0,"name":"Shaded","section":"Shading Mode"},"sceneLighting":false,"audioPlay":false,"sceneViewState":{"showFog":true,"showMaterialUpdate":false,"showSkybox":true,"showFlares":true,"showImageEffects":true,"showParticleSystems":true},"in2DMode":false,"pivot":{"x":0.2233273983001709,"y":-1.1680946350097657,"z":0.8283519744873047},"rotation":{"x":0.044794756919145587,"y":0.9525489807128906,"z":-0.17333510518074037,"w":0.2461683303117752},"size":5.7162299156188969,"orthographic":false}